,channel_id,video_titles,verticals,assistant_two_shot,assistant_zero_shot,media_anl_step_by_step,data_sc_step_by_step,data_sc_simple,content_str_step_by_step,reference_prompt,simple,classifier_one_shot,classifier_two_shot,classifier_zero_shot,assistant_one_shot
0,UC09zKqoJ08nQ0Jc1demxxiQ,"['MIJN BEVALLINGSVERHAAL - VONNEKEBONNEKE', 'DE REALITEIT ACHTER ELKE MOEDER - VONNEKEBONNEKE VLOG', 'SNOT ERUIT ZUIGEN & TE VROEG OM TE SPORTEN? - VONNEKEBONNEKE VLOG', 'LUIERS VOOR 5 EURO & MOM-FLUENCER - Vonneke Bonneke Vlog', 'KRAAMTRANEN - VONNEKEBONNEKE VLOG', 'MIJN BEVALLING! - VONNEKEBONNEKE VLOG', 'NOGSTEEDS ZWANGER?  (41 weken) - Vonneke Bonneke Vlog', 'DE LAATSTE IMPULSIEVE AANKOPEN VOOR DE BEVALLING! (39 wknü§∞üèΩ) - VONNEKEBONNEKE VLOG', 'Mijn vriend is ZWANGER üòÇü´Éüèª #shorts']",Entertainment,Family,Family,Family,Family,Family,Family,Family,Family,Family,Family,Family,Family
1,UCiaZSRydY8beFPD886fS0rw,"['realistische Morgenroutine auf 12 qm | Tiny Home', 'Ich zeige meinem Hund Dinge, die er noch nie gesehen hat #hund #haustier #hundeliebe #wohnmobil', 'Bringt Wasser sparen √ºberhaupt was? Wasser- Spar- Challenge Extrem', 'Nachhaltig leben im Wohnmobil #nachhaltigkeit #lebenimwohnmobil', 'Leben in der Dieselschleuder - sind wir Klimas√ºnder?', 'Minimalismus hat mein Leben veraÃàndert', '‚ÄúIch kann nicht mehr schalten.‚Äù ü•¥üõ†Ô∏è #vanlife', 'Regional einkaufen & Plastikt√ºten vermeiden - WENIGER nachhaltig, als viele denken', 'Endlich effektiv ausmisten - 6  Minimalismus Challenges und Ausmist-Hacks']",Health & Fitness,Lifestyle & Hobbies,Lifestyle & Hobbies,Lifestyle & Hobbies,Lifestyle & Hobbies,Lifestyle & Hobbies,Lifestyle & Hobbies,Lifestyle & Hobbies,Lifestyle & Hobbies,Lifestyle & Hobbies,Lifestyle & Hobbies,Lifestyle & Hobbies,Lifestyle & Hobbies
2,UC01yfEkBiExZlVOAfD8mnhg,"['Meine H√∂henvorbereitung f√ºr den Himalaya', 'Ich bin zur√ºck!', 'Als Mann beim Pole Dance - Training an der Stange', 'Auf Wiedersehen Omar', 'Der ekligste Proteinshake der Welt', ""Ohne deine Hilfe geht's nicht!"", 'Total Peinlich! Reaktion auf ALTES Fitnessvideo', 'Mein Abenteuer im Paradies - Sansibar entdecken', 'Meine besten Tipps um g√ºnstige Fl√ºge zu finden']",Health & Fitness,Lifestyle & Hobbies,Sports Editorial Content,Lifestyle & Hobbies,Lifestyle & Hobbies,Lifestyle & Hobbies,Lifestyle & Hobbies,Lifestyle & Hobbies,Lifestyle & Hobbies,Lifestyle & Hobbies,Lifestyle & Hobbies,Lifestyle & Hobbies,Lifestyle & Hobbies
3,UC4cJPXuqa-qGcDZ1sVpWAmw,"['Samsung Galaxy S9 and S9+ | V√≠deo Oficial (Subtitulado)', 'Como Aumentar la Velocidad de mi PC Windows', 'Sorteo Internacional 2017 Cerrado', 'Pruebas de mejora de audio', 'El Peor y Mejor producto tecnol√≥gico que hemos probado', 'Los mejores Celulares del 2017', 'C√≥mo quitar la contrase√±a de Windows 8 ‚úî', 'Proyecto Byte | Especial 5 a√±os | 60 Mil Suscriptores', 'Mira este v√≠deo y tendr√°s una oportunidad unica ‚ò∫']",Education & Science,Tech,Tech,Tech,Tech,Tech,Tech,Tech,Tech,Tech,Tech,Tech,Tech
4,UCOGhBBuD_FPCdS4OFew7DwA,"['Os Soldados Do Kim Jong Un... Como O Ex√©rcito Da Cor√©ia Do Norte Treina Seus Soldados', 'As 12 Pris√µes Mais Duras Do Mundo', 'Cristiano Ronaldo Jr  Continua T√£o forte?', '10 √öltimas Fotos De Pessoas Que Nunca Volt√°mos A Ver', '10 Coisas Estranhas Que As Pessoas Encontraram Em Sua Casa', '10 Terr√≠veis Segredos Que Voc√™ N√£o Conhecia Sobre Cristiano Ronaldoo', 'Momento Perfeito... Momentos Inesperados Filmados Em C√¢mera', 'Este Jogador De Futebol Diz Que Tem S√≥ 18 Anos De Idade', 'Este Drone Filmou O Que Ningu√©m Deveria Ter Visto']",News,Entertainment,Entertainment,Entertainment,Entertainment,Entertainment,Entertainment,Entertainment,Entertainment,Entertainment,Entertainment,Entertainment,Entertainment
5,UC6C5rLe-voNUT2bqsvbkrYQ,"['Smarty Bubbles X-MAS Edition - Highscore Challenge', 'Water Sort Puzzle - alle 50 Level!', 'Moto X3M 6 Spooky Land - alle Level 3 Sterne!', 'Adam und Eva: GO 3 - Alle Level', 'Ende des Flash Players 2021', 'Spiel auf Handy und Tablet - SpielAffe Trailer', 'Parkspiele - Trailer und Spieletipps | SpielAffe.de', 'Weihnachtspiele - Trailer und Spieletipps | SpielAffe.de', 'Koch- und Backspiele  - Trailer und Spieletipps | SpielAffe.de']",Corporate Channels,Gaming,Category: Kids Content,Gaming,Kids Content,Gaming,Gaming,Gaming,Kids Content,Gaming,Gaming,Gaming,Kids Content
6,UCKI91MuLfEw8H9MUEnMirwQ,"[""L'IMMAGINE CHE HAI IN MENTE FATTA CON L'INTELLIGENZA ARTIFICIALE!"", 'IL CAPO DI SUPERCELL STA SVILUPPANDO 5 GIOCHI! SORPRESE IN ARRIVO?', 'UNA SCOPERTA su CLASH HEROES?! Clash Heroes vs Squad Busters!', 'SQUAD BUSTERS QUANDO ESCE?', 'Squad Busters: MA SERIAMENTE?! QUESTA TRUPPA HA UNO SVILUPPO ROTTO!', 'SQUAD BUSTERS - HO FATTO BENE A DIRLO A SUPERCELL?', ""HO TROVATO L'EASTER EGG su Squad Busters e COME SALIRE SUPER VELOCI sbloccando i Mondi"", 'SQUAD BUSTERS IN ANTEPRIMA! 6 COSE DA SAPERE SUL GIOCO Supercell', 'Squad Busters PRIMA DI INSTALLARLO CONTROLLATE!']",Tech,Gaming,Gaming,Gaming,Gaming,Gaming,Gaming,Gaming,Gaming,Gaming,Gaming,Gaming,Gaming
7,UCa7tPSfhoLhWs87nCDl639g,"['Hypevideo VfL SparkassenStars Bochum 2021/22', 'Jordan Jersey Massoud', 'LeBron Jersey Preview', 'IHK Tiemeyer Final', 'IHK TIEMEYER PREVIEW', 'Vorstellungsvideo DA(ILY)ZN Johannes Meinow und Sebastian Meichsner', 'AZUBIS DIE JEDER KENNT Preview', 'PAC Preview FINAL', 'CLARK Preview']",Corporate Channels,Category: Sports Editorial Content,Sports Editorial Content,Sports Editorial Content,Entertainment,Sports Editorial Content,Sports Editorial Content,Sports Editorial Content,Sports Editorial Content,Sports Editorial Content,Entertainment,Sports Editorial Content,Sports Editorial Content
8,UCHr_aw2Klj_YE6fTv4YypBQ,"['üçÄüí´AAA il secondo episodio di #festaforesta e‚Äô on line! Chi e‚Äô Giorgia Meloni? #podcast', 'Ep.2 Giorgia Meloni, Balenciaga, Pippo Franco Scomparso! - Festa Foresta Podcast', 'üçÄAAA Annuncio!! üçÄ‚ÄùFESTA FORESTA‚Äù e‚Äô il nostro nuovo #podcast !!', 'Ep.1. Kate Middleton, Chiara Ferragni, Fedez & Fiorello - Festa Foresta Podcast', 'üéôÔ∏èDubbi Non Ho - Pino Daniele #cover #pinodaniele #dubbinonho #livemusic', 'üéôÔ∏èThe Kolors - ITALODISCO üáÆüáπüï∫üèªüíøLA PROSSIMA?? Comenta!üëáüèº #cover #italodisco #thekolors', 'PINO DANIELE ~ JE SO PAZZ #cover #pinodaniele #jesoppaz', 'Angelina Mango - Ci Pensiamo Domani (Acoustic Cover)', ""Pino Daniele - Je so' pazzo (Acoustic Cover)""]",Lifestyle & Hobbies,Entertainment,Entertainment,Entertainment,Entertainment,Entertainment,Entertainment,Entertainment,Entertainment,Entertainment,Entertainment,Entertainment,Entertainment
9,UC4_QEb642mYkDlcKF3BFpvQ,"['100"" di VERTICALE AD 1 BRACCIO in 30 min. LA HUNDRED CHALLENGE', 'RISFIDO IL CAMPIONE NAZIONALE DI BRACCIO DI FERRO DIEGO MICHELANGELETTI.', 'I giovani di oggi sono molto testardi quanto agguerriti üí™üèºüòÑ', ""COM'ERA IL CALISTHENICS NEL 2013 ? LA MIA ESPERIENZA"", 'QUANTO √à FORTE UNO STRONGMAN DI 154KG A BRACCIO DI FERRO? ANDREA INVERNIZZI.', 'LO STRONGMAN PI√ô FORTE IN ITALIA PROVA 101 KG DI BICEPS CURL.', 'VI PRESENTO ARM BOXING, UN NUOVO SPORT STRAVAGANTE DA COMBATTIMENTO ü•ä', 'QUANTO √à FORTE UN POWERLIFTER DI 124kg A BRACCIO DI FERRO? @IssaChikhou', ""RITESTO DOPO 1 ANNO L' ATLETA PI√ô FORTE AL MONDO üåé  @ermesgasparini3239""]",Health & Fitness,Sports Editorial Content,Sports Editorial Content,Sports Editorial Content,Sports,Sports Editorial Content,Sports Editorial Content,Sports Editorial Content,Sports Editorial Content,Sports Editorial Content,Sports Editorial Content,Sports Editorial Content,Sports Editorial Content
10,UCtnmHPgmcQOxJKj1ZG4rmLw,"['Poniendo a parir', 'Para Bortz', 'EL MEJOR PERSONAJE DE NINTENDO', 'LA NEGRA EN BLOODBORNE', 'THE WITCHER III ¬øJUEGO DEL A√ëO?', 'LOS PREMIOS A LOS JUEGOS DEL A√ëO / 2015', 'STAR WARS BATTLEFRONT / HORA DEL RETRASO', 'PONIENDO A PARIR FALLOUT 4', 'EL FUTURO DEL CANAL Y PATREON']",Entertainment,Category: Entertainment,Gaming,Gaming,Gaming,Gaming,Gaming,Gaming,Gaming,Gaming,Gaming,Gaming,Gaming
11,UCs7l4LJJdwtWwcn2FcAHbLg,"['Mein STATEMENT! Was ist Los?', '5 BODYS?ü§∑\u200d‚ôÄÔ∏è10 WINDELN?üò∞Der INHALT meiner WICKELTASCHE!', 'üò∞√úBERFORDERT als ZWEIFACH MAMA?üò±KEIN PASS f√ºr die KLEINE? UNGE Fan? |XXL Vlog', 'ENTT√ÑUSCHT?üò∞12‚Ç¨ PENNY ADVENTSKALENDER 2019üò±üò¢', 'SO ORGANISIERE ICH meinen WICKELTISCH! Aufbewahrung&Aufteilung...', 'üò±TRAUMGEBURT?üòçüôàMeine ERSTE GEBURT vor 7 JAHREN! |Geburtsbericht...', 'MEINE 15 dm MUST HAVESüòçin der SSü§∞unter 1‚Ç¨uro...üëå', 'üò±OMG... SORRY dm!üôè ROSSMANN Adventskalender 2019 UNBOXING...', 'SIE ist DA!üë∂ 5 Min. TRAUMGEBURT! Nat√ºrliche Geburt ohne PDA!']",Lifestyle & Hobbies,Family,Family,Entertainment,Family,Family,Family,Family,Family,Family,Family,Family,Family
12,UCSWk237F09Emo2MxR3Q_1JA,"['Hochzeitslieder f√ºr: Einzug, Jawort, Auszug  // JETZT BUCHEN // Julia Maria Klein', 'Das bin ich.', 'JULIA MARIA KLEIN -  S√§ngerin f√ºr M√ºtter // JETZT BUCHEN !', 'Konzert // Julia Maria Klein // Applauf f√ºr Mama, Mamaherz, Danke Mama', 'Danke Mama - Das Muttertagskonzert von Julia Maria Klein', 'Die ersten Presseberichte sind da. üò±üòç  JETZT SCHNELL TICKETS BESTELLEN. #DankeMama', '‚ù§Ô∏è Das perfekte MUTTERTAGS-GESCHENK ‚ù§Ô∏è JETZT TICKETS SICHERN!  Muttertagskonzert Julia Maria Klein', 'JETZT TICKETS SICHERN !!! Das perfekte Muttertags-Geschenk: 14.05.2023 / 19:30 h / #DankeMama', 'S√§ngerin f√ºr Mamas: Ein Bericht √ºber Julia Maria Klein // #ApplausF√ºrMama & #Mamaherz #Tour']",Family,Entertainment,Entertainment,Entertainment,Entertainment,Entertainment,Entertainment,Entertainment,Entertainment,Lifestyle & Hobbies,Entertainment,Entertainment,Entertainment
13,UCnAXgBl1MVlGTDVVd_2uRHA,"['Justin Bieber - Yummy (Dance With Skates)', 'Figure Skating Competition - Giorgia Dancing', 'Girls Like You (Maroon 5 ft. Cardi B) - Dance With Skates', 'Taki Taki (DJ Snake ft. Selena Gomez, Ozuna, Cardi B) - Dance With Skates', 'All I Want For Christmas Is You (Mariah Carey) - Dance With Skates', 'Pablo Remix (Sfera Ebbasta feat Moneybagg Yo, Rich the Kid & Lil Baby) - Dance With Skates', 'Claroscuro (Soy Luna) - Dance With Skates', 'A day With Giorgia Dancing - Vlog', 'vlogio']",Health & Fitness,Entertainment,Entertainment,Entertainment,Sports Editorial Content,Lifestyle & Hobbies,Entertainment,Entertainment,Entertainment,Entertainment,Entertainment,Lifestyle & Hobbies,Sports Editorial Content
14,UCUy8Q82gXG07N2js29d4JwQ,"['BROMA A SOF√å: LU√å SE HA QUEDADO SIN PELO!!', 'MI NOVIO SE CREE UN SAMURAI!!', 'SOF√å POLICIA HA DETENIDO AL LADRON LU√å!!', 'LU√å SE HA ESCAPADO DE PRISON! GUARDIAS Y LADRONES!!', 'BROMA A MI NOVIO! YA NO SOY CAPAZ DE MAQUILLARME!!', 'SOF√å TIENE HIPO!!', 'NO ELIJAS LOS INGREDIENTES ASQUEROSOS DEL BATIDO!!', 'HACEMOS EL ARBOL DE NAVIDAD!', 'MI NOVIA SE HACE PASAR POR VAMPIRO!!']",Kids Content,Entertainment,Entertainment,Entertainment,Entertainment,Entertainment,Entertainment,Entertainment,Entertainment,Entertainment,Entertainment,Entertainment,Entertainment
15,UCdTkML-Lu3Ka74D3fiM0jeg,"['Stonehenge', 'Viaggiare con un Neonato', 'Alberobello | Dormire in un Trullo', 'Matera', 'Madrid | Il Bocadillo de Calamares e Home tour Madrileno', ""El Rastro | Madrid | Il mercatino delle pulci pi√π grande d'Europa"", 'Toledo | Ritorno al Medioevo', 'Madrid #2 | Tour della citt√† e Tapas come se piovesse', ""Madrid | L'arrivo nella Capitale""]",Food & Drinks,Travel & Events,Travel & Events,Travel & Events,Travel & Events,Lifestyle & Hobbies,Travel,Lifestyle & Hobbies,Lifestyle & Hobbies,Travel & Events,Lifestyle & Hobbies,Lifestyle & Hobbies,Travel & Events
16,UCon6JNfrvSKBeN0zSWvWDVg,"['Bl√∂dGefragt Insights 2022 üìà', 'Das SCHLIMMSTE Geschenk! üéÅü•≤ | Bl√∂dGefragt #21', 'PEINLICHE Geschenke vom Weihnachtsmann! üéÖüèºüéÅ | Bl√∂dGefragt #20', 'Promis beklauen auf Joyn Premiere! ü§¨üòÇ| Bl√∂dGefragt #19', 'Was w√ºnscht DU dir zu Weihnachten? üéÅüéÖüèº | Bl√∂dGefragt #18', 'schaust DU die WM?!üòß‚öΩÔ∏è | Bl√∂dGefragt #17', 'Deine S*X - Orte ? üî•üòè | Bl√∂dGefragt #16', 'Die schlimmste S*X-Stellung?! üò≥| Bl√∂dGefragt #15', 'Peinliche S*X Storys?üò≥| Bl√∂dGefragt #14']",Lifestyle & Hobbies,Entertainment,Entertainment,Entertainment,Entertainment,Entertainment,Entertainment,Entertainment,Entertainment,Entertainment,Entertainment,Entertainment,Entertainment
17,UCCf23ekQ5pwaF1U1kUtlwOQ,"['DIESER ‚ÄûTwilight‚Äú-Star hat sich jetzt verlobt', '‚ÄûiCarly‚Äú Staffel 2: DIESER Charakter kehrt endlich zur√ºck!', 'Queen Elizabeth II.: HIER wird sie von Herzogin Kate vertreten', 'Inka Bause: So schlecht geht es ihr durch die Corona-Situation', 'Heidi Klum gibt alten Bekannten f√ºr neue Staffel von GNTM bekannt', 'Taylor Swift √ºberrascht Fans mit Selena Gomez', 'Dagi Bee, Bibi & Co.: In diesen 10 deutschen St√§dten leben die meisten Influencer', 'Erstes Date ein Erfolg? Auf DIESE Zeichen solltet ihr achten', 'Bekannte Weihnachtslieder: Was verdienen Mariah Carey, Wham! & Co. mit ihren Klassikern?']",Corporate Channels,Entertainment,Entertainment,Entertainment,Entertainment,Entertainment,Entertainment,Entertainment,Entertainment,Entertainment,Entertainment,Entertainment,Entertainment
18,UC1bXG2l9YmiyzlaXI0i0pqw,"['Ho comprato il LIBRO pi√π COSTOSO di HARRY POTTER!', 'Il mio primo bacio! #Episodio4', 'Stavo per morire. NO CLICKBAIT', 'PRANZO WILD NELLA NATURA! *come un vero vichingo*', 'IL GALLO PIO ATTACCA MANU!', 'La mia canzone preferita! #episodio3', 'FACCIAMO IL SALE MAGICO! *incredibile*', 'MANU RIVEDE LA SUA SORELLINA DOPO 3 ANNI! *emozionante*', 'Il tuo film preferito? üçø#Episodio2']",Kids Content,Entertainment,Entertainment,Entertainment,Entertainment,Entertainment,Entertainment,Entertainment,Entertainment,Entertainment,Entertainment,Entertainment,Entertainment
19,UCKXTb8CkxQhJbPOAG-CtRfQ,"['10 MIN BURNING BOOTY WORKOUT!', 'DAY IN THE LIFE: gym opnames, appartement Assen inrichten & nieuwe auto!', '10 MIN DEEP CORE WORKOUT!', 'GRWM, de babykamer inrichten & koken! (35 weken zwanger)', 'RESET DAG, SHOPPEN, BOODSCHAPPEN & KEUKEN OPRUIMEN! (31 weken zwanger)', '15 MIN KILLER LEGS WORKOUT!', '10 MIN DAILY MORNING STRETCH!', '30 MIN FULL BODY WORKOUT! sweaty calorie killer!', '10 MIN EASY ABS WORKOUT!']",Health & Fitness,Category: Lifestyle & Hobbies,,Lifestyle & Hobbies,Lifestyle & Hobbies,Lifestyle & Hobbies,Lifestyle & Hobbies,Lifestyle & Hobbies,Lifestyle & Hobbies,Lifestyle & Hobbies,Lifestyle & Hobbies,Lifestyle & Hobbies,Lifestyle & Hobbies
20,UCoc16w6cfFa8UKMwaMx1GWQ,"['Glacier Calving | Polarbears SHOCKED By HUGE COLLAPSE Next To Them!', 'Spectacular Tidal Bore Hits Indonesian Village (Part 3) & Surprises With Unexpected Power!', 'Ship in Storm [ASMR] | 3 Days CAUGHT in a STORM FORCE 12 + MONSTER WAVES in the North Atlantic!', 'Powerful Tidal Bore WIPES OUT Docks like a Tsunami! [Watch Until End] | Ganga River, Kolkata', 'Klerksdorp Airshow Crash 30 June 2012', 'Ship in Storm | Multiple MONSTER WAVES Hit Recuse Vessel in the North Sea! [Watch Until End]', 'Incredibly Dangerous Flash Flood Created in Only 2 Minutes! (Maui, Hawaii)', 'Incredible Tidal Bore Hits\xa0Village in Indonesia With Unexpected Power Again (Part 2)', 'Ship in Storm | INSANE Bulk Carrier Hit by TYPHOON in North China (Storm Force 12)!']",Education & Science,Auto & Vehicles,Auto & Vehicles,Entertainment,Entertainment,Entertainment,Entertainment,Entertainment,,Entertainment,Entertainment,Entertainment,Entertainment
21,UCIvE0AhNMRKfk62GdsgZhoA,"['TIER LIST SQUADRE STORICHE CON FABIO CARESSA | REACTION !', 'APRO PACCHI FANS DAL GUSTO JOHNNY CREEKKIANO..', 'MICKEY MOUSE +18', 'SPEEDRUN MINECRAFT FINITA MALISSIMO ft. MARZA,GIANKO', 'REACTION MIGLIORI CLIPS DI ZANO E YOSHI', 'REACTION ALLA CASA DI CASSANO SU MTV!', 'APRO I PACCHI SPEDITI DAI FANS, CHE SDROGO!', 'ER VIDEO ALLENAMENTO PER IL FAZZONE', 'BLUR COL PC COSTOSO? MI SONO VENDUTO?!?! MA IL KING? ft. DEMANZINI']",Gaming,,Entertainment,Entertainment,Entertainment,,Entertainment,Entertainment,Entertainment,Entertainment,Entertainment,Entertainment,Entertainment
22,UCN5zwIR-N3WitHgyBrRPbfQ,"['6 cose che ho imparato in 12 anni di YouTube', 'FdI propone una legge per tutelare la lingua italiana - Commento live con @YasminaPani', 'Perch√© ho deciso di NON usare lo scev√† (…ô)', 'Aiuto, mio/a figlio/a √® un disastro in grammatica!', 'Sto guarendo dalla sindrome dell‚Äôimpostore', 'Il video pi√π INTIMO che abbia mai pubblicato', 'Meglio PARLARE IN CORSIVO come Elisa Esposito che parlare a vanvera!', 'Whisper Challenge a tema grammaticale feat. @AmicoDiverte_Racconti_Horror', 'Ciao, vi ricordate di me?']",Education & Science,Tech,,Entertainment,Lifestyle & Hobbies,Entertainment,Entertainment,Entertainment,Entertainment,Lifestyle & Hobbies,Entertainment,,Entertainment
23,UCdM8Pw7xscXoOO_RC1UsvbQ,"[""Kim Jong Un's Soldiers... How Does The North Korean Army Train Their Soldiers"", 'The 12 Toughest Prisons in the World', 'Is Cristiano Ronaldo JR  Still So Strong', '10 Last Photos of People We Never Saw Again', '10 Strange Things People Have Found In Their Homes', ""10 Terrible Secrets You Didn't Know About Cristiano Ronaldo"", 'Perfect Timing... Unexpected Moments Caught On Camera', ""This Soccer Player Claims He's Only 18 üòÇ"", 'This Drone Filmed What No One Was Supposed To See']",News,,,Entertainment,Entertainment,Entertainment,Entertainment,Entertainment,Entertainment,Entertainment,Entertainment,Entertainment,Entertainment
24,UCFpOLXdf0db2ViV3YpWs2OA,"['Das gro√üe WIEDERSEHEN & unsere alte WOHNUNG üòç DailyVlog 10', 'Er DREHT DURCH HILFE', 'DAS NERVT UNS - REALTALK üò† DailyVlog 8', 'Der EMOTIONALE ABSCHIED üò≠ DailyVlog 7', 'Chris im ZOO üôâ DailyVlog 6', 'Werden wir √úBERLEBEN? üò± DailyVlog 5', 'Die gr√∂√üte GEBURTSTAGS ENTT√ÑUSCHUNG üò± DailyVlog 4', 'Sie RETTET mir den TAG üòç DailyVlog 3', 'Der KINDERWUNSCH ist DA bei UNS üë∂ DailyVlog 2']",Lifestyle & Hobbies,Entertainment,Entertainment,,,Family,Entertainment,Family,,Entertainment,Family,Entertainment,Entertainment
25,UCfbshD56lsI6cM-TjTVQ-3A,"['SUN, SEA AND PSYCHOPATHIC BRAINS', ""I'VE CHANGED"", 'DEALING WITH GRIEF', 'WEANING MARGOT - SALMON AND SWEET POTATO CAKES', 'OUR FIRST FAMILY HOLIDAY', 'LA HOUSE TOUR', 'SARAH ANSWERS YOUR QUESTIONS', 'POSTPARTUM CONCERNS', 'PLANNING OUR WEDDING IN SPAIN']",Lifestyle & Hobbies,Category: Family,,Family,Family,,Family,Family,Family,Family,Family,,
26,UCEptXIJlUdiUBosK_W5f1VQ,"['INDOVINA il CALCIATORE con le EMOJI [QUIZ]', 'Le SKILLS pi√π ASSURDE dal LV 1 al LV 100', 'Indovina Questi CALCIATORI da PICCOLI [QUIZ]', ""HO SPESO 7'000'000 DI CREDITI PER I TOTY E HO TROVATO ... (FC 24)"", 'TUTTI I TOTY DA FIFA 09 A FIFA 23', 'LA SQUADRA DEI GIOCATORI PI√ô ALTI !!! - FIFA CHALLENGE (FC 24)', 'SODIN VOTA I TOTY DI FC 24 !!', 'Momenti Memorabili Nel Calcio', 'NON CI CREDO !!! [Pack Opening FC 24]']",Gaming,Sports Editorial Content,Sports Editorial Content,Sports Editorial Content,,Sports Editorial Content,Sports Editorial Content,,,Sports Editorial Content,,Sports Editorial Content,Sports Editorial Content
27,UCU6ZQno03ENPABHqA3kgsXg,"['COSTRETTA A DENUNCIARE! HO PIANTO', 'NON CI VEDEVAMO DA GIORNI: MIA SORELLA MI HA SHOCKATA!', 'VOGLIAMO IL 3 figlio ! POLIGNANO A MARE & MONOPOLI  - RISO PATATE E COZZE RICETTA TOP!', 'GITA  CON I MIEI COGNATI! Abbiamo ricevuto due chiamate spaventose', 'ANDIAMO IN PUGLIA! CUCINIAMO CON LA NONNA! SVEZZAMENTO FILIPPO E SERATA ANDATA MALE', 'A LAVORO CON CLAUDIO! NUOVI AMICI! SHOPPING ! RICETTE:TORTA RUSTICA - FOCACCIA BARESE E TORTA FREDDA', 'Libero casa! Addio üëã make-up !!! DECLUTTER ASSURDO', 'Colazione con noi #cornettinutella ü•ê‚òïÔ∏è', 'UNA BELLISSIMA NOTIZIA ü•π vaccino / SPESA EUROSPIN E PARCO']",Lifestyle & Hobbies,Family,,Family,,Family,,Family,,Family,Family,Family,
28,UCS777nyImh331GyGxKnVeag,"['Glitter & Candy üò≤SEGRETI, TRADIMENTI, CUORI INFRANTIüò≤ IL FILM', ""Glitter & Candy üåà IL POTERE DELL' AMICIZIA üåà IL FILM"", 'Glitter & Candy üíê La sfilata di Bridgerton üíê - Parte seconda( IL FILM )', 'Glitter & Candy üíê La sfilata di Bridgerton üíê - Parte prima ( IL FILM )', 'GLITTER & CANDY - ‚ù§Ô∏è\u200düî•UN ANNIVERSARIO INDIMENTICABILE‚ù§Ô∏è\u200düî• [ IL FILM ]', 'Glitter & Candy üò≠LA TRAPPOLA DI NEBULAüò≠ IL FILM', 'Glitter & Candy - üê∞ La caccia alle uova di Pasqua e ai segreti di Clary üê∞ IL FILM', 'Glitter & Candy ü¶ãLA FESTA DELLE FATE E I LORO DISPETTIü¶ã IL FILM', 'Glitter & Candy üå∏LA FESTA DEI FIORI DI CILIEGIOüå∏ IL FILM']",Kids Content,Entertainment,Entertainment,,,,Entertainment,Entertainment,,Entertainment,,Entertainment,Entertainment
29,UCpiXGZBVa5jGYc4FAx_gq2g,"['Veel besmettingen tijdens uitgaan & mensen opgepakt voor zwembadmoord | Drenthe Nu 8 juli 2021', 'Drentse boer bouwt combine om te oogsten | RTV Drenthe', 'Stel uit Erica ontvlucht vuur & boze boeren oneens met stikstofbeleid | Drenthe Nu 7 juli 2021', 'Opnieuw boerenprotest bij het provinciehuis in Assen | RTV Drenthe', 'Diploma-uitreiking op de kermis & problemen door lekkende betonvloer | Drenthe Nu 6 juli 2021', 'Wanneer zijn onbewaakte spoorwegovergangen verleden tijd? | RTV Drenthe', 'Drukte bij huisartsen en manege Zuidlaren moet wijken | Drenthe Nu 5 juli 2021', 'Wat zijn de verschillen tussen zand- en veen-Drenten? | Tussen Zand en Veen | RTV Drenthe', 'Met de brommer over het TT-circuit & mountainbikerace door Drenthe | Drenthe Nu 4 juli 2021']",News,,,News Politics & Information,News Politics & Information,News,News Politics & Information,,News,,,,
30,UCKUlrPWnRiUTJnTTXMHAy_A,"['10 MIN BEST BOOTY WORKOUT / FAST WORKOUT / No Equipment  I Lisa del Piero', 'Hinter den Kulissen / Fitnessprogramm/ Lisa Del Piero', 'BIKINI HAUL üëô / Lisa Del Piero', 'Ich nehme euch mit.. üèù - Lisa Del Piero', 'XXL FASHION TRY ON HAUL üõç  / Lisa Del Piero', 'HAUL hinter den Kulissen üòÖ / NEUES Po-Training?! üçë / Lisa Del Piero', 'SINGLE? / Wieso mit Sport angefangen? - Magersucht? EURE FRAGEN‚ùóÔ∏è', 'TOP 5 LEGGINGS üçë - Lisa Del Piero', 'TRAINING + STRAND + 1300 Treppenstufen ü•µ']",Health & Fitness,,,Lifestyle & Hobbies,Lifestyle & Hobbies,,Lifestyle & Hobbies,,Lifestyle & Hobbies,,Lifestyle & Hobbies,,
31,UCp2w6RCcZ2pgCgvNZCN4ciA,"['Jongeren met bivakmutsen en mes plegen meerdere straatroven üî™ | 112-overzicht', 'Huis met rieten dak vliegt in brand na blikseminslag | 112-overzicht', 'Fietser is aan zijn verwondingen overleden | 112-overzicht', 'Martin (73) door groep jongeren mishandeld: verdachte (40) aangehouden | Omroep Brabant', 'Loodgieter vermoord en in stukken gezaagd | Misdaad Uitgelegd', 'Flinke schade aan woning na aanslag  | 112-overzicht', 'Verdachte meldt zich bij politie na crash in woning | 112-overzicht', 'Ingreep met slijptol nodig bij deze neushoorn ü¶è | Op Safari', 'Schutter rijdt met motor bij huis naar binnen | Omroep Brabant']",News,,,News Politics & Information,News Politics & Information,News,News Politics & Information,,News,,,,
32,UC1jOeuYb9OFGDhBAZPkAopA,"['Outschied und Abtakes - GIGA FOTO sagt DANKE', 'Was ist der RAW Converter - Teil 4 I Fotos sch√§rfen I TUTORIAL', 'Outschied und Abtakes - GIGA FOTO sagt DANKE', 'Unscharfe Fotos durch die Beugungsunsch√§rfe I Fotografie Grundlagen', 'Was ist der RAW Converter - Teil 6 I Teiltonung I TUTORIAL', 'Froschperspektive', 'BeFunky - App der Woche - Bildbearbeitung Easy', 'Was ist der RAW Converter - Teil 3 I Gradationskurven I TUTORIAL', 'Manueller Wei√üabgleich I Fotografie Grundlagen']",Tech,,Education & Science,,,,,Lifestyle & Hobbies,Education & Science,Lifestyle & Hobbies,,,
33,UC6oiuMaTUrKiLn1u6gbaMag,"['CALISTHENICO VS FIT GIRL! SFIDA ALLE SBARRE', 'RUNNER vs FITNESS GIRL! CHI √à PIU FORTE?', 'COME DIVENTARE UNA RUNNER', 'SFIDO DENNIS CALLA! BODYBUILDER VS FIT GIRL', 'UOMO vs DONNA! Sfida di Forza e Resistenza!', 'COME INIZIARE AD ALLENARSI! COME FARE IL PRIMO WORKOUT', 'PANCIA PIATTA E ADDOME SCOLPITO IN 10 MINUTI - ALLENAMENTO SENZA PESI', 'GLUTEI SODI E ALTI IN 12 Minuti! Allenamento Completo', 'RAGAZZA PROVA LO SQUAT IMPOSSIBILE! 1 SOLA REP!']",Health & Fitness,,Sports Editorial Content,,,,,,,Sports Editorial Content,,Sports Editorial Content,Sports Editorial Content
34,UCO7vT4IiDqb1Ry8kSDCiRNw,"['DARUM war ich lange nicht mehr aktiv auf YouTube | Nero und die Katzen pl√∂tzlich krank', 'LUKULLUS Hundefutter im Test | Nassfutter f√ºr Hunde | JulisTierfuttertest #16', 'Showlinie VS Leistungslinie beim HUND | Unterschiede in der Zuchtrichtung von Hunderassen', 'Katzenfutter SANDRAS SCHMANKERL im Test | Nassfutter f√ºr Katzen | JulisTierfuttertest #15', 'Das beste KATZENSTREU! Katzenstreu-Test | Bentonit, Silikat & Naturfaser Streu f√ºr Katzen', 'LECKERLIES IN DER HUNDEERZIEHUNG | JA ODER NEIN? | Hund richtig belohnen', 'ZooRoyal OSTER-SCHATZKISTE f√ºr HUND & KATZE | √úberraschungspaket unboxing', 'Gesunde Gelenke beim HUND | So bleibt euer Hund fit ins hohe Alter | belso MOVE Gelenktabs', 'Mach DAS niemals im Urlaub! Tierqu√§lerei im Urlaub | Elefantentrekking, Delfinschwimmen & Co']",Lifestyle & Hobbies,,Family,,,Pets & Animals,,Pets & Animals,,,Pets & Animals,,
35,UCqAISscklbbQS-Y3GHyE-sA,"['Ich teste VIRALE RAMEN üçú Rezepte von TikTok (FETTIG!)', 'Was ist mit Emma üê∂ los?!', 'Ich teste VIRALE 2 Zutaten Rezepte von TikTok (KRASS!)', 'DAS wurde aus Ute ‚Äì dem geretteten Huhn!', 'Ich teste VIRALE Kartoffel ü•î Rezepte von TikTok (FETTIG!)', 'Ich bewerte ALLE meine Tattoos nach Schmerz (0 - LAVAüî•)', 'Ich teste VIRALE Reispapier Rezepte von TikTok (SORRY!)', 'Mein liebster Raum ist ENDLICH fertig! (EUPHORIE)', 'Ich teste VIRALE Waffel üßá Rezepte von TikTok (OHJE!)']",Food & Drinks,,,,,,,,Lifestyle & Hobbies,Lifestyle & Hobbies,Lifestyle & Hobbies,,Lifestyle & Hobbies
36,UCvGh4HT9ySBoURt0zSpC0Nw,"['TikTok FOODTRENDS im TEST! GO oder NO-GO?', 'Wer kann besser HALBIEREN? (MAX vs. ROB)', 'Wer ist der BESTE YOUTUBE KOCH‚ÅâÔ∏èüë®üèª\u200düç≥ | Dinner Duell Folge 2', 'MEINE TOP 5 SANDWICHES!ü•™ (6\xa0Jahre\xa0sp√§ter)', 'WIR testen ‚ÄûINFLUENCER‚Äú Produkte!', 'Ich esse ALLES in MAROKKO! (Marrakesch üá≤üá¶)', 'Ich esse ALLES in ITALIEN! (Neapel üáÆüáπ)', 'Der KAMPF meines Lebens. Reaktion auf meinen BOXKAMPF ü•ä (Boxdoku Ep. 7)', 'Willkommen bei CrispyRob Zuhause ‚ù§ (Haus-Tour)']",Food & Drinks,,,,,,,Entertainment,,,Lifestyle & Hobbies,,Lifestyle & Hobbies
37,UCAy-tvx0OXhW9ZGhWC1mhDw,"['LuÃàcken HD', 'Zungenraum', 'Die 5 d√ºmmsten K√§ufe in meinen 20igern (bis jetzt)', 'Verr√ºckte Waffel Challenge - Auf die Waffel mit Anne M√ºller-Wieland und Didi Linnekogel.', 'Herzhafte vegane Kartoffelwaffeln - Auf die Waffel mit Didi Linnekogel und CatyCake', 'Hockey EM 2019 - Auf die Waffel mit Anne Schr√∂der und CatyCake', '3 gegen 100', 'KULTURSCHOCK! So habe ich mir Rio nicht vorgestellt', 'Kleiderschrank ausmisten - hin zum Minimalismus?']",Lifestyle & Hobbies,Entertainment,Entertainment,,,,,,,,,,
38,UCOXiM0iYkuCqNfZJoNpTAHQ,"[""NUOVO SCARICO PER L'AUDI TT DELLA MIA RAGAZZA!"", ""APRILIA E' INAFFIDABILE? RSV4 A PIEDI! PROBLEMI AL MOTORE?"", 'AUTO CI TAGLIA LA STRADA ED INSULTA ANCHE ü§¨', 'Li devi stare p****o d*o! ü§¨', 'IMPENNATE, CASINO E TRAVERSI SULLA HONDA CRF450', ""VA CONTROMANO IN MOTO! MA PERCHE'!?"", 'I GENITORI DI GIORGIA REAGISCONO AI 300cv DELL‚ÄôAUDI TT', 'QUESTA MOTO NON HA SENSO üò± BMW S1000RR 2024', 'MARK HA COMPRATO UNA NUOVA MOTO!']",Auto & Vehicles,Category: Auto & Vehicles,,,,,,,,,,,
39,UCE2AMNC7H3shyUzPVwWZVLw,"[""E' USCITO il NUOVO MINECRAFT DUNGEONS! Beta Anteprima Minecraft Dungeons Ps4 Xbox Pc"", 'RENDERE le STRUTTURE INVISIBILI con IL COMMAND BLOCK su MINECRAFT PS4 BEDROCK! Comandi Speciali PS4', 'AGGIORNAMENTO USCITO ADESSO su MINECRAFT PS4 BEDROCK! Tutti problemi Accesso RISOLTI Minecraft PS4', 'COME METTERE LE MODS su MINECRAFT PS4 BEDROCK EDITION! Installare MOD / ADDONS Minecraft PS4 BEDROCK', 'MODS MINIGAME e LUCKYBLOCK su MINECRAFT PS4üî• Entrate e Giochiamo INSIEME! Minecraft PS4 XBOX PE PC', 'API e PIRAMIDI! ECCO DOVE TROVARLE!üêù Minecraft PS4 Bedrock SEED VANILLA COME TROVARE LE API!', 'MODS e ADDON su MINECRAFT PS4 BEDROCK!üòç ADD-ON Lamborghini e Macchina Funzionante Minecraft PS4', 'MAPPE GRATUITE dal MARKET PLACE!üò± ECCO COME FARE! Minecraft PS4 Bedrock MAPPE GRATIS nel NEGOZIO!', 'CREARE STRUTTURE con LO STRUCTURE BLOCK su MINECRAFT PS4 BEDROCK!üåç Nuovo Blocco MODS WORLD EDIT PS4']",Gaming,Category: Gaming,,,,,,,,,,,
40,UC72ZwIgcz_T3a9qpX083zeQ,"['Dubbi Kids üç≠ | NO CONTROLES | Canciones para ni√±os', 'Dubbi Kids üç≠ | FAMILIA DEDO COLORES | Canciones Infantiles', 'Dubbi Kids üç≠ | PIPO PAT EL PATITO FEO | Canciones Infantiles', 'Dubbi Kids üç≠ | FAMILIA DEDO GRANJA | Canciones Infantiles', 'Dubbi Kids üç≠ | EL BICHITO JUANITO | Canciones Infantiles', 'Lo Que Deseas Se Puede Lograr (audio) | DUBBI KIDS | üç≥ Libro Huevo Frito', 'Me Siento Fenomenal | DUBBI KIDS | üç≥ La incre√≠ble historia de un huevo frito', 'Huevo Ganador | DUBBI KIDS | üç≥ La incre√≠ble historia de un huevo frito', 'Olas Que Vienen y Van | DUBBI KIDS | üç≥ La incre√≠ble historia de un huevo frito']",Kids Content,Category: Kids Content,,,,,,,,,,,
41,UCJm3ECWPT6r8xBHV5NDVrMQ,"['Sono Bello | Does the Fat come back after Liposuction? #SonoBelloAmbassador', 'Sono Bello | Do you get loose skin? Yes or No & Why #SonoBelloAmbassador', 'SONO BELLO | Best Compression Garment for Liposuction Recovery #SonoBelloAmbassador', 'SONO BELLO FAQs | Did You Lose Weight or Fat with LIPOSUCTION? #SonoBelloAmbassador', 'SONO BELLO FAQs | Do They Put You To Sleep to do LIPOSUCTION?  #SonoBelloAmbassador', 'Sono Bello FAQs | How Soon Can You Workout After Liposuction  #SonoBelloAmbassador', 'Sono Bello FAQs | How Much FAT did they Remove? WARNING! GRAPHIC!  #SonoBelloAmbassador', 'Sono Bello FAQs | ohhh the ITCHING!! Here is WHY üò¨  #SonoBelloAmbassador', 'Sono Bello FAQs | Did I get LYMPHATIC MASSAGES? ü§ì  #SonoBelloAmbassador']",Health & Fitness,Category: Health & Fitness,,,,,,,,,,,
42,UCpMv4DqZ8Y4QO_aFw2vkGjA,"['Auch das noch: N√§chster Top-Star verl√§sst Bayern?!', 'ICH HEULE: Ronaldo verk√ºndet Karriereende.. ?', 'WIEDER VERSAGT! SC Freiburg - Bayern M√ºnchen 2:2 ..', 'Hammer: Nagelsmann vor Bayern-R√ºckkehr..?!', 'Diese Frage will er nicht beantworten: Manuel Neuer bricht Interview ab!', ""Nach Bayern-Aus: Tuchel's neuer Verein hei√üt _______ !"", 'Kane in der Nachspielzeit! Bayern M√ºnchen - RB Leipzig 2:1 (ANALYSE)', 'Auch das noch: Top-Star verl√§sst Bayern zu Real Madrid..', 'Nach Tuchel-Aus: Trainer-Entscheidung bei Bayern gefallen..']",Sports Editorial Content,Category: Sports Editorial Content,,,,,,,,,,,
43,UCAABLU5uXLLIoozkiPP7k3g,"['Pure Dominanz | Abus Magomedov ist zur√ºck! | UFC - FIGHTING', 'JAA! WM-KAMPF F√úR AGIT KABAYEL! - FIGHTING', 'FREE: GEMMAF Qualifiers #2', 'FREE: Raul Lemberanksij vs Ahmad Abbas | NFC 18 - FIGHTING', 'FIX: ECKERLIN vs JUNGWIRTH steht | Eckerlin vs Broz Reaction | Oktagon 57 - FIGHTING', 'Boxen live aus Falkensee: Bono vs Wall und Gonzales vs Cakiqi | 6.4. - FIGHTING', 'Boxen live aus Falkensee:  Avdic vs Rodriguez und Etinosa vs Seck | 6.4. - FIGHTING', 'FREE: Max HEINE vs Joseph DONKOR | NFC 18 - FIGHTING', 'FREE: David PIECHACZEK vs Tyrone PFEIFER | NFC 18 - FIGHTING']",Sports Editorial Content,Category: Sports Editorial Content,,,,,,,,,,,
44,UChi_U5HDWUfudfl8KKfuWvg,"['PARKOUR 100% IMPOSSIBLE', 'SPIDERMAN 2 WORLD RECORD', 'FC24 - LASALLE vs AIDENSHOW (ULTIMATE TEAM)', 'LASALLE vs CR√âATURES G√âANTES vs 30 JOUEURS', 'TOTAL WIPEOUT 100% IMPOSSIBLE', 'CACHE CACHE MINECRAFT', 'SQUID GAME G√âANT', 'V√âHICULE LE PLUS STABLE', 'BIGGEST GTA 5 COFFIN DANCE MEME COMPILATION (CRAZY BIG VERSION)']",Gaming,Category: Gaming,,,,,,,,,,,
45,UCjvrWzo_puynmzvTiNQ1OJg,"['Ich bin RATLOS ü§Ø Pumpe 2x defekt?! Pastell-K√ºhlmittel Schuld? & LED Upgrade Kit installiert!', 'WOW, DAS ist mal clean... ü§Ø BTF Build im Corsair 6500X', 'Diese RTX 4090 hat KEINEN Stromanschluss? üò≥ ASUS ROG BTF Review 2024', 'The ""No Cable"" ROG Build - ASUS Back To Future (BTF) - Time Lapse', 'Die Zukunft des Contents: KI-generierte Inhalte auf dem Vormarsch! üß†', 'SO VIEL neue Hardware! ü§© & Wasserschaden- + Studio-Update! Backstage #1 2024', '1 Jahr 3D Druck mit dem Bambu Lab X1C! Bereue ich den Kauf?! ü§î', 'DICKE BROCKEN! üå™Ô∏è be quiet! Dark Rock Pro 5 und  DarkRock Elite (vs. Pure Loop 2)', 'War DAS n√∂tig?! ü§î Die RTX 4080 Super AERO OC von Gigabyte im Check']",Tech,Category: Tech,,,,,,,,,,,
46,UCN17O9A0wKJVHZjewWDm8lA,"['La NOUVELLE Intelligence Artificielle de GOOGLE !', 'Ce Nouveau Bing (IA) va TUER Google et Chrome !', 'Pourquoi ChatGPT est la prochaine Grosse R√âVOLUTION.', ""Cette IA va IMPACTER ta vie (et c'est flippant..)"", 'Comment ACC√âL√âRER son PC & sa Connexion INTERNET !', '8 Logiciels WINDOWS √† ABSOLUMENT Conna√Ætre!', 'Comment R√âACTIVER les Dislikes sur YouTube', 'Applications & Jeux ANDROID sur Windows 11 (presque parfait...)', 'Nouveaut√©s, Performances et 3 Points N√âGATIFS | Windows 11']",Tech,Category: Tech,,,,,,,,,,,
47,UCt-HMqsPvzyrGkQ_704Ir5Q,"['Easy Apple Mini Pies Recipe with 1 Apple and 2 Eggs! No Baking Powder Required!', 'Healthy Chocolate Truffles in 10 Minutes! No-Bake!', ""This is the best chocolate cake with nuts you've ever tasted!"", 'Easy Homemade Cake Just Like Your Grandma Used To Make!', 'Easy Nutella-Stuffed Buns Recipe Anyone Can Make!', 'Bake a Moist and Easy Chocolate Chip Cake with Just a Few Basic Ingredients!', 'Easily make a moist and fluffy chocolate cake with this recipe!', 'Delicious Orange Cookie Sticks for Dipping in Hot Drinks!', ""The best orange crinkle cookies you've ever tasted!""]",Food & Drinks,Category: Food & Drinks,,,,,,,,,,,
48,UCCJ-NJtqLQRxuaxHZA9q6zg,"['S+ Hammer Dagger Reaper Build | Backpack Battles', 'Neue Season wird BODENLOS (Patch 14.10)', 'Ninja Turtles als Panzer?! | World of Tanks', 'Das krasseste SoloQ Spiel meines Lebens', 'Coaching vom EUROPAMEISTER', 'Robin Hood, aber auf Windows 98 (HD german)', 'Ich habe die BATTLE BROTHERS Entwickler getroffen!', 'DIE LETZTE SCHLACHT | Manor Lords', 'Mit @Mailand in die Schlacht! | World of Tanks']",Gaming,Category: Gaming,,,,,,,,,,,
49,UCXyDNZg0oIwic0j7m_jOjqQ,"['Le pont de Londres(London Bridge) l Comptines pour b√©b√©', ""Cheval cheval ne t'arr√™te pas !"", 'La Chanson Du Cheval | Comptines pour b√©b√©', 'Hop fait le petit clown l Comptines pour b√©b√©', 'Connais tu le patissier & autres l Comptines pour b√©b√©', 'La Danse Du Petit Marin l Comptines pour b√©b√©', ""J'ai P√©ch√© Un Poisson Vivant l Comptines pour b√©b√©s"", ""Cheval Cheval Ne T'arr√™te Pas ! Comptines pour b√©b√©"", 'Le pont de Londres & autres l Comptines pour b√©b√©']",Kids Content,Category: Kids Content,,,,,,,,,,,
50,UCu5MM6dgH9IgvBr8WDrn4Sg,"['¬øS√≥lo MUJERES? ¬øY sus FAMILIAS? Vlog 2, la industria del Karit√© en GHANA #Verdeliss *embajadora*', '¬øQu√© paso en GHANA? Vlog 1, la industria del Karit√© #Verdeliss *embajadora*', 'Pascua 2023 üê£üêáü™∫ Verdeliss', 'Me pruebo el HAUL m√°s EXTRAVAGANTE y ARRIESGADO de SHEIN üî• Mis HIJOS lo JUZGAN, sus REACCIONES #ad', 'Pagamos la NOVATADAüéÉCARAMELOS para TODO el VECINDARIO!!! DECORAMOS la CASA americana, HALLOWEEN 2022', 'VLOG como los de anta√±o...REAL y NATURAL! PRIMER DIA de COLEGIO de Miren, su REACCI√ìN *AD SMIGHTIES', 'CUMPLIMOS el SUE√ëO de su VIDA...y as√≠ fue la REACCI√ìN de Laia I STORYTIME tratamiento ortodoncia *AD', '7 hijos y un beb√© reci√©n nacido / GRABAMOS 24 horas de NUESTRA NUEVA RUTINA / REALIDAD sin FILTROS', 'DIY COMPRESAS TELA y...Deva ya tiene 3 MESES !!!']",Family,,,,,,,,,,,Lifestyle & Hobbies,
51,UCWPU18q799MFtdRMLaJCh7Q,"['MODERN WARFARE 3 - UN GAMEPLAY DAVVERO BRUTTO CHE VALE LA PENA DI GUARDARE', ""FUMAGALLI REACTION: LA CASERMA DUE - SVELATO IL VOLTO DELL'UOMO OCCHIALE"", ""FUMAGALLI REACTION: LA CASERMA 2 - L' UOMO CON LE SPALLE DI COCCO"", 'FUMAGALLI REACTION: IL COLLEGIO 8 QUINTA PUNTATA - ARRIVA IL CARTELLO MESSICANO', 'FUMAGALLI REACTION: IL COLLEGIO 8 QUARTA PUNTATA - PERSI NELLE PANNOCCHIE', 'FUMAGALLI REACTION: IL COLLEGIO 8 TERZA PUNTATA - BARBA PUGLIA E LA POZIONE POLISUCA', 'FUMAGALLI REACTION: IL COLLEGIO 8 SECONDA PUNTATA - MOZZARELLE CON LE EXTENSION PIANGONO', 'FUMAGALLI REACTION: IL COLLEGIO 8 PRIMA PUNTATA - IN AFGANISTAN CON PELAZZA', 'FUMAGALLI E I RITI FASCISTI NEL DESERTO - Beyond Two Souls']",Entertainment,,,,,,,Gaming,,,,,
52,UCraZhrCr0fqudUIV5J9-1rQ,"['ist hier noch jemand?! UPDATE!', 'DAS ENDE DIESES KANALS | ES IST VORBEI', 'meine Hautpflege + Abschmink-Routine', 'Beetique, wei√ü blondiertes Haar & Makeup unterm Mikroskop | mit Max', 'INSTAGRAM  bestimmt SEIN Makeup | mit Max Amphetamine', 'ER HASST VEGGIES & ich bin fertig mit Tattoos | WER W√úRDE EHER', 'LAVENDER DREAM | Balayage Hair Transformation', 'mein Bett muss weg | ROOMTOUR UPDATE', 'SO GEHTS RENESMEE | Katze ist unsauber - Update']",Lifestyle & Hobbies,,,,,,,Entertainment,,,,,
53,UCPrbArysdf6neOcQPaxzxFg,"['C√≥mo VENDER en AMAZON FBA 2023  | Curso Gratis Paso a Paso con Ventas Reales', 'C√≥mo Importar desde CHINA por ALIBABA de forma SEGURA por Barco, Avi√≥n o Tren 2022 | Gu√≠a Completa', 'C√≥mo Vender en Amazon 2022 desde tu casa FBM | Vender y Preparar Pedidos GUIA COMPLETA', 'C√≥mo RECUPERAR Cuenta de GOOGLE Sin N√∫mero ni Contrase√±a 2021 | Recuperar Acceso a GMAIL', 'TOP Mejores Auriculares Bluetooth Calidad Precio 2021 | Los M√°s Vendidos en AMAZON', 'C√≥mo Recuperar Contrase√±a de Instagram sin N√∫mero ni Correo ‚úÖ | Recuperar Acceso a cuenta 2021', 'C√≥mo DESCARGAR VIDEOS de Cualquier P√°gina WEB 2021 | F√°cil y R√°pido', '10 MEJORES PELICULAS NETFLIX 2021 NUEVAS para ver AHORA en TV Grande 4K', 'An√°lisis a Nuevos Auriculares ¬øser√°n los AIRPODS 3?  | Mejores Auriculares 2021']",Tech,,,,,,,,,,,,Corporate Channels
